status,claim_count,total_amount,avg_amount,percentage
Approved,22,161239.12,7329.050909,22.00%
Paid,17,150671.61,8863.035882,17.00%
Rejected,17,113772.99,6692.528824,17.00%
Denied,16,119371.75,7460.734375,16.00%
Submitted,14,100520.51,7180.036429,14.00%
In-Process,14,93050.68,6646.477143,14.00%
